<?xml version="1.0" encoding="UTF-8" ?>
<NotepadPlus>
    <!--
    You can organize you Macro menu & Run menu by adding the attribute 'FolderName="My sub-menu name"' to any Macro or Command node.
    This will place the corresponding node within a "My sub-menu name" sub-menu in the appropriate menu. Please consider the following examples:
    -->
    <InternalCommands />
    <Macros>
        <Macro name="Trim Trailing Space and Save" Ctrl="no" Alt="yes" Shift="yes" Key="83">
            <Action type="2" message="0" wParam="42024" lParam="0" sParam="" />
            <Action type="2" message="0" wParam="41006" lParam="0" sParam="" />
        </Macro>
    </Macros>
    <UserDefinedCommands>
        <Command name="Get PHP help" Ctrl="no" Alt="yes" Shift="no" Key="112">https://www.php.net/$(CURRENT_WORD)</Command>
        <Command name="Wikipedia Search" Ctrl="no" Alt="yes" Shift="no" Key="114">https://en.wikipedia.org/wiki/Special:Search?search=$(CURRENT_WORD)</Command>
        <Command name="Open selected file path in new instance" Ctrl="no" Alt="yes" Shift="no" Key="117">$(NPP_FULL_FILE_PATH) $(CURRENT_WORD) -nosession -multiInst</Command>
    </UserDefinedCommands>
    <PluginCommands>
        <PluginCommand moduleName="NppExec.dll" internalID="25" Ctrl="no" Alt="yes" Shift="no" Key="65" />
        <PluginCommand moduleName="NppExec.dll" internalID="26" Ctrl="no" Alt="yes" Shift="no" Key="82" />
        <PluginCommand moduleName="NppExec.dll" internalID="27" Ctrl="no" Alt="yes" Shift="no" Key="68" />
        <PluginCommand moduleName="NppExec.dll" internalID="28" Ctrl="no" Alt="yes" Shift="no" Key="69" />
    </PluginCommands>
    <ScintillaKeys />
</NotepadPlus>
